{
  "model": {
    "type": "minecraft:select",
    "property": "minecraft:component",
    "component": "minecraft:custom_name",
    "cases": [
      {
        "when": "Anniversary 15",
        "model": {
          "type": "minecraft:model",
          "model": "custom_elytra:anniversary_15"
        }
      },
      {
        "when": "Birthday",
        "model": {
          "type": "minecraft:model",
          "model": "custom_elytra:birthday"
        }
      },
      {
        "when": "Cherry Blossom",
        "model": {
          "type": "minecraft:model",
          "model": "custom_elytra:cherry_blossom"
        }
      },
      {
        "when": "Cobalt",
        "model": {
          "type": "minecraft:model",
          "model": "custom_elytra:cobalt"
        }
      },
      {
        "when": "Common",
        "model": {
          "type": "minecraft:model",
          "model": "custom_elytra:common"
        }
      },
      {
        "when": "Copper",
        "model": {
          "type": "minecraft:model",
          "model": "custom_elytra:copper"
        }
      },
      {
        "when": "dB",
        "model": {
          "type": "minecraft:model",
          "model": "custom_elytra:db"
        }
      },
      {
        "when": "Experience",
        "model": {
          "type": "minecraft:model",
          "model": "custom_elytra:experience"
        }
      },
      {
        "when": "Followers",
        "model": {
          "type": "minecraft:model",
          "model": "custom_elytra:followers"
        }
      },
      {
        "when": "Founders",
        "model": {
          "type": "minecraft:model",
          "model": "custom_elytra:founders"
        }
      },
      {
        "when": "Home",
        "model": {
          "type": "minecraft:model",
          "model": "custom_elytra:home"
        }
      },
      {
        "when": "Jack Black Blue",
        "model": {
          "type": "minecraft:model",
          "model": "custom_elytra:jack_black_blue"
        }
      },
      {
        "when": "Jack Black Gray",
        "model": {
          "type": "minecraft:model",
          "model": "custom_elytra:jack_black_gray"
        }
      },
      {
        "when": "Jack Black Red",
        "model": {
          "type": "minecraft:model",
          "model": "custom_elytra:jack_black_red"
        }
      },
      {
        "when": "MCC 15",
        "model": {
          "type": "minecraft:model",
          "model": "custom_elytra:mcc_15"
        }
      },
      {
        "when": "Menace",
        "model": {
          "type": "minecraft:model",
          "model": "custom_elytra:menace"
        }
      },
      {
        "when": "Migration",
        "model": {
          "type": "minecraft:model",
          "model": "custom_elytra:migration"
        }
      },
      {
        "when": "Millonth Customer",
        "model": {
          "type": "minecraft:model",
          "model": "custom_elytra:millonth_customer"
        }
      },
      {
        "when": "Minecon 2011",
        "model": {
          "type": "minecraft:model",
          "model": "custom_elytra:minecon_2011"
        }
      },
      {
        "when": "Minecon 2012",
        "model": {
          "type": "minecraft:model",
          "model": "custom_elytra:minecon_2012"
        }
      },
      {
        "when": "Minecon 2013",
        "model": {
          "type": "minecraft:model",
          "model": "custom_elytra:minecon_2013"
        }
      },
      {
        "when": "Minecon 2015",
        "model": {
          "type": "minecraft:model",
          "model": "custom_elytra:minecon_2015"
        }
      },
      {
        "when": "Minecon 2016",
        "model": {
          "type": "minecraft:model",
          "model": "custom_elytra:minecon_2016"
        }
      },
      {
        "when": "Mojang",
        "model": {
          "type": "minecraft:model",
          "model": "custom_elytra:mojang"
        }
      },
      {
        "when": "Mojang Classic",
        "model": {
          "type": "minecraft:model",
          "model": "custom_elytra:mojang_classic"
        }
      },
      {
        "when": "Mojang Office",
        "model": {
          "type": "minecraft:model",
          "model": "custom_elytra:mojang_office"
        }
      },
      {
        "when": "Mojang Studios",
        "model": {
          "type": "minecraft:model",
          "model": "custom_elytra:mojang_studios"
        }
      },
      {
        "when": "Mojira",
        "model": {
          "type": "minecraft:model",
          "model": "custom_elytra:mojira"
        }
      },
      {
        "when": "Oxeye",
        "model": {
          "type": "minecraft:model",
          "model": "custom_elytra:oxeye"
        }
      },
      {
        "when": "Pan",
        "model": {
          "type": "minecraft:model",
          "model": "custom_elytra:pan"
        }
      },
      {
        "when": "Prismarine",
        "model": {
          "type": "minecraft:model",
          "model": "custom_elytra:prismarine"
        }
      },
      {
        "when": "Progress Pride",
        "model": {
          "type": "minecraft:model",
          "model": "custom_elytra:progress_pride"
        }
      },
      {
        "when": "Purple Heart",
        "model": {
          "type": "minecraft:model",
          "model": "custom_elytra:purple_heart"
        }
      },
      {
        "when": "Realms",
        "model": {
          "type": "minecraft:model",
          "model": "custom_elytra:realms"
        }
      },
      {
        "when": "Scrolls",
        "model": {
          "type": "minecraft:model",
          "model": "custom_elytra:scrolls"
        }
      },
      {
        "when": "Snowman",
        "model": {
          "type": "minecraft:model",
          "model": "custom_elytra:snowman"
        }
      },
      {
        "when": "Spade",
        "model": {
          "type": "minecraft:model",
          "model": "custom_elytra:spade"
        }
      },
      {
        "when": "Test",
        "model": {
          "type": "minecraft:model",
          "model": "custom_elytra:test"
        }
      },
      {
        "when": "Translator",
        "model": {
          "type": "minecraft:model",
          "model": "custom_elytra:translator"
        }
      },
      {
        "when": "Turtle",
        "model": {
          "type": "minecraft:model",
          "model": "custom_elytra:turtle"
        }
      },
      {
        "when": "Valentine",
        "model": {
          "type": "minecraft:model",
          "model": "custom_elytra:valentine"
        }
      },
      {
        "when": "Vanilla",
        "model": {
          "type": "minecraft:model",
          "model": "custom_elytra:vanilla"
        }
      },
      {
        "when": "Yearn",
        "model": {
          "type": "minecraft:model",
          "model": "custom_elytra:yearn"
        }
      }
    ],
    "fallback": {
      "type": "minecraft:model",
      "model": "minecraft:item/elytra"
    }
  }
}